<beans xmlns="http://www.springframework.org/schema/beans"
	xmlns:context="http://www.springframework.org/schema/context"
	xmlns:mvc="http://www.springframework.org/schema/mvc" xmlns:xsi="http://www.w3.org/2001/XMLSchema-instance"
	xsi:schemaLocation="
        http://www.springframework.org/schema/beans     
        http://www.springframework.org/schema/beans/spring-beans-3.0.xsd
        http://www.springframework.org/schema/context 
        http://www.springframework.org/schema/context/spring-context-3.0.xsd
        http://www.springframework.org/schema/mvc
        http://www.springframework.org/schema/mvc/spring-mvc-3.0.xsd">

	<context:component-scan base-package="com.mkyong.common.controller" />

	<mvc:annotation-driven />

	<!-- <bean
		class="org.springframework.web.servlet.view.InternalResourceViewResolver">
		<property name="prefix">
			<value>/WEB-INF/pages/</value>
		</property>
		<property name="suffix">
			<value>.jsp</value>
		</property>
	</bean> -->

	<bean
		class="org.springframework.web.servlet.mvc.annotation.AnnotationMethodHandlerAdapter">
		<property name="messageConverters">
			<list>
				<ref bean="jsonHttpMessageConverter" />
			</list>
		</property>
	</bean>

	<bean id="jsonHttpMessageConverter"
		class="org.springframework.http.converter.json.MappingJacksonHttpMessageConverter" />

	<bean
		class="org.springframework.web.servlet.view.ContentNegotiatingViewResolver">
		<property name="mediaTypes">
			<map>
				<entry key="json" value="application/json" />
			</map>
		</property>
		<property name="defaultContentType" value="application/json" />
		<property name="defaultViews">
			<list>
				<bean
					class="org.springframework.web.servlet.view.json.MappingJacksonJsonView" />
			</list>
		</property>
	</bean>

</beans>



